{
    "metadata":{
        "generator":"io_three",
        "faces":198,
        "normals":93,
        "type":"Geometry",
        "materials":2,
        "vertices":192,
        "version":3,
        "uvs":0
    },
    "normals":[-1e-06,1,-0,0,-1,0,1e-06,-1,0,0,-1,-0,0,-1,0,0,-1,-0,1e-06,-1,0,-0,1,-0,-1e-06,1,-0,-0,1,-0,-0,1,-0,1e-06,-1,0,0,-1,-0,-0,1,-0,-0,1,-0,-1e-06,1,-0,-0,1,-0,1e-06,-1,0,0,-1,0,0,-1,-0,0,-1,-0,0,-1,0,-0,1,-0,-0,1,-0,-1e-06,1,-0,-0,1,-0,-0,1,-0,-0,1,-0,0,-1,0,-1e-06,1,-0,1e-06,-1,0,-0,1,-0,-0,1,-0,0,-1,0,0,-1,0,-0,1,-0,-0,1,-0,-0,1,-0,-1,0,0,-0,1,-0,-0,1,-0,-1e-06,1,-0,1e-06,-1,0,-0,1,-0,-1e-06,1,-0,-0,1,-0,-0,1,-0,-0,1,-0,-1e-06,1,-0,1e-06,-1,0,-0,1,-0,-0,1,-0,-0,1,-0,0,-1,-0,-0,1,-0,1e-06,-1,0,-0,1,-0,-1e-06,1,-0,-0,1,-0,1e-06,-1,0,-0,1,-0,0,0,-1,-0,0,-1,-1e-06,1,-0,-0,1,-0,0,0,1,0,-0,-1,-0,0,1,1,1e-06,-0,-1,-0,0,1,0,-0,-0,-0,-1,1,1e-06,-0,-1,-0,0,1,0,-0,0,-0,1,0,0,1,-1,-0,-0,1,0,-0,0,0,1,-0,-0,-1,0,0,1,0,0,1,0,0,1,0,0,1,0,0,1,0,0,1,1,0,-0,0,0,1,-0,0,1,0,0,1,-1,-0,0,1,1e-06,-0],
    "materials":[{
        "colorDiffuse":[0.640555,0,0.000526],
        "DbgIndex":0,
        "specularCoef":50,
        "depthWrite":true,
        "DbgName":"red",
        "shading":"phong",
        "opacity":1,
        "wireframe":false,
        "depthTest":true,
        "visible":true,
        "colorEmissive":[0,0,0],
        "DbgColor":15658734,
        "blending":"NormalBlending",
        "transparent":false,
        "colorSpecular":[0.5,0.5,0.5]
    },{
        "colorDiffuse":[0.004426,0.021424,0.310834],
        "DbgIndex":1,
        "specularCoef":50,
        "depthWrite":true,
        "DbgName":"blue",
        "shading":"phong",
        "opacity":1,
        "wireframe":false,
        "depthTest":true,
        "visible":true,
        "colorEmissive":[0,0,0],
        "DbgColor":15597568,
        "blending":"NormalBlending",
        "transparent":false,
        "colorSpecular":[0.5,0.5,0.5]
    }],
    "vertices":[2,0.5,-0.5,2,0.5,0,1.5,0.5,-0,1.5,0.5,-0.5,1,0.5,-0,1,0.5,-0.5,0.5,0.5,-0,0.5,0.5,-0.5,-0,0.5,-1e-06,0,0.5,-0.5,2,1,-0.5,2,1,0,1.5,1,-0.5,1.5,1,-0,1,1,-0,1,1,-0.5,0.5,1,-0,0.5,1,-0.5,-0,1,-1e-06,0,1,-0.5,2,1.5,-0.5,2,1.5,0,1.5,1.5,-0.5,1.5,1.5,-0,1,1.5,-0,1,1.5,-0.5,0.5,1.5,-0,0.5,1.5,-0.5,-0,1.5,-1e-06,0,1.5,-0.5,2,2,-0.5,2,2,0,1.5,2,-0.5,1.5,2,-0,1,2,-0,1,2,-0.5,0.5,2,-1e-06,0.5,2,-0.5,-0,2,-1e-06,0,2,-0.5,2,2.5,-0.5,2,2.5,0,1.5,2.5,-0.5,1.5,2.5,-0,1,2.5,-0,1,2.5,-0.5,0.5,2.5,-1e-06,0.5,2.5,-0.5,-0,2.5,-1e-06,0,2.5,-0.5,-0.5,0.5,-1e-06,-0.5,0.5,-0.5,-0.5,1,-1e-06,-0.5,1.5,-1e-06,-0.5,1,-0.500001,-0.5,2,-0.500001,-0.5,1.5,-0.500001,-0.5,2,-1e-06,-0.5,2.5,-0.500001,-0.5,2.5,-1e-06,2.5,1,-0.499999,2.5,1,1e-06,2.5,1.5,-0.499999,2.5,1.5,1e-06,2.5,2,-0.499999,2.5,2,1e-06,2.5,2.5,-0.499999,2.5,2.5,1e-06,-1,0.5,-1e-06,-1,0.5,-0.500001,-1,1,-1e-06,-1,1.5,-1e-06,-1,1,-0.500001,-1,2,-0.500001,-1,1.5,-0.500001,-1,2,-1e-06,-1,2.5,-0.500001,-1,2.5,-1e-06,-1.5,0.5,-1e-06,-1.5,0.499999,-0.500001,-1.5,1,-1e-06,-1.5,1.5,-1e-06,-1.5,1,-0.500001,-1.5,2,-0.500001,-1.5,1.5,-0.500001,-1.5,2,-1e-06,-1.5,2.5,-0.500001,-1.5,2.5,-1e-06,-2,0.999999,-1e-06,-2,1.5,-1e-06,-2,0.999999,-0.500001,-2,2,-0.500001,-2,1.5,-0.500001,-2,2,-1e-06,-2,2.5,-0.500001,-2,2.5,-1e-06,-0,3,-1e-06,-0.5,3,-1e-06,2,3,-0.5,2,3,0,1.5,3,-0.5,1.5,3,-0,1,3,-0,1,3,-0.5,0.5,3,-1e-06,0.5,3,-0.5,0,3,-0.5,-0.5,3,-0.500001,2.5,3,-0.499999,2.5,3,1e-06,-1,3,-1e-06,-1,3,-0.500001,-1.5,3,-1e-06,-1.5,3,-0.500001,-2,3,-2e-06,-2,3,-0.500001,-0,3.5,-1e-06,-0.5,3.5,-1e-06,2,3.5,-0.5,2,3.5,0,1.5,3.5,-0.5,1.5,3.5,-0,1,3.5,-0,1,3.5,-0.5,0.5,3.5,-1e-06,0.5,3.5,-0.5,0,3.5,-0.500001,-0.5,3.5,-0.500001,2.5,3.5,-0.499999,2.5,3.5,1e-06,-1,3.5,-1e-06,-1,3.5,-0.500001,-1.5,3.5,-1e-06,-1.5,3.5,-0.500001,-2,3.5,-2e-06,-2,3.5,-0.500001,-0,4,-1e-06,-0.5,4,-1e-06,2,4,-0.5,2,4,0,1.5,4,-0.5,1.5,4,-0,1,4,-0,1,4,-0.5,0.5,4,-1e-06,0.5,4,-0.5,0,4,-0.500001,-0.5,4,-0.500001,2.5,4,-0.499999,2.5,4,1e-06,-1,4,-1e-06,-1,4,-0.500001,-1.5,4,-1e-06,-1.5,4,-0.500001,-2,4,-2e-06,-2,4,-0.500001,-0,4.5,-1e-06,-0.5,4.5,-1e-06,2,4.5,-0.5,2,4.5,0,1.5,4.5,-0.5,1.5,4.5,-0,1,4.5,-0,1,4.5,-0.5,0.5,4.5,-1e-06,0.5,4.5,-0.5,0,4.5,-0.500001,-0.5,4.5,-0.500001,2.5,4.5,-0.499999,2.5,4.5,1e-06,-1,4.5,-1e-06,-1,4.5,-0.500001,-1.5,4.5,-1e-06,-1.5,4.5,-0.500001,-2,4.5,-2e-06,-2,4.5,-0.500001,-0,5,-1e-06,-0.5,5,-1e-06,2,5,-0.5,2,5,0,1.5,5,-0.5,1.5,5,-0,1,5,-1e-06,1,5,-0.5,0.5,5,-1e-06,0.5,5,-0.5,0,5,-0.500001,-0.5,5,-0.500001,-1,5,-1e-06,-1,5,-0.500001,-1.5,5,-1e-06,-1.5,5,-0.500001],
    "name":"CubeGeometry.2",